"","X","End_time","Finished","Respondent_group","Screening","Consent","Reason_nc","Check_group","Ob_lawyers","Ob_politicians","Ob_journalists","Ob_med_doctors","Ob_accountants","Ob_army_lieutenants","Ob_bankers","Ob_judges","Ob_detectives","Ob_scientists","Ra_lawyers","Ra_politicians","Ra_journalists","Ra_med_doctors","Ra_accountants","Ra_army_lieutenants","Ra_bankers","Ra_judges","Ra_detectives","Ra_scientists","Op_lawyers","Op_politicians","Op_journalists","Op_med_doctors","Op_accountants","Op_army_lieutenants","Op_bankers","Op_judges","Op_detectives","Op_scientists","Iq_lawyers","Iq_politicians","Iq_journalists","Iq_med_doctors","Iq_accountants","Iq_army_lieutenants","Iq_bankers","Iq_judges","Iq_detectives","Iq_scientists","In_lawyers","In_politicians","In_journalists","In_med_doctors","In_accountants","In_army_lieutenants","In_bankers","In_judges","In_detectives","In_scientists","Co_lawyers","Co_politicians","Co_journalists","Co_med_doctors","Co_accountants","Co_army_lieutenants","Co_bankers","Co_judges","Co_detectives","Co_scientists","Country","Year_born","Gender","Religiousness","Feedback"
"1",4,"5/13/2014 4:59",1,"Educated",NA,1,NA,1,49,39,53,80,71,89,59,91,90,85,70,48,71,90,91,93,62,74,90,98,80,71,80,92,79,93,72,97,91,98,71,68,83,91,72,73,72,84,69,94,61,59,67,97,99,100,65,91,88,91,93,94,84,86,73,97,90,70,86,86,187,27,1,39,NA
"2",5,"5/13/2014 4:59",1,"Educated",NA,1,NA,1,80,75,93,87,87,82,74,89,90,100,80,79,83,99,74,77,82,80,79,99,70,60,92,79,59,70,80,70,80,70,90,69,83,100,91,81,82,80,100,99,81,80,80,80,80,80,80,80,80,80,68,60,75,96,77,73,60,76,69,73,187,69,2,39,NA
"3",6,"5/13/2014 5:01",1,"Educated",NA,1,NA,1,50,50,51,49,50,52,51,51,50,51,50,51,51,51,51,51,51,47,51,52,51,51,51,51,50,48,50,45,51,50,47,50,48,50,51,49,50,50,50,52,51,48,51,51,51,54,52,52,50,50,50,50,49,50,49,50,51,50,50,48,187,66,1,39,NA
"4",7,"5/13/2014 5:05",1,"Educated",NA,1,NA,2,50,21,19,59,51,92,50,50,71,61,50,30,31,71,61,91,60,60,70,52,50,19,29,61,50,91,61,59,71,61,50,11,8,70,59,81,60,59,70,70,40,3,4,70,71,100,61,59,81,60,50,29,70,50,50,90,49,50,61,50,187,34,1,41,NA
"5",8,"5/13/2014 5:08",1,"Educated",NA,1,NA,2,61,28,69,70,67,69,69,70,69,71,70,31,62,74,81,80,72,61,62,61,49,30,80,50,50,50,51,50,50,60,81,30,70,80,81,60,81,82,60,80,31,10,71,62,51,70,30,61,70,71,77,79,68,40,39,31,52,41,40,51,187,57,2,38,NA
"6",9,"5/13/2014 5:25",1,"Educated",NA,1,NA,1,32,14,81,72,71,72,27,80,71,78,54,38,81,71,80,69,52,85,72,71,39,25,82,62,39,43,38,70,60,82,59,64,66,68,46,51,60,60,58,66,31,30,81,68,51,81,31,70,64,71,82,81,77,80,51,48,68,32,52,68,187,48,2,43,NA
"7",10,"5/13/2014 5:30",1,"Educated",NA,1,NA,1,8,0,3,70,69,9,10,50,81,50,18,0,10,81,72,9,50,92,70,90,9,0,28,40,28,28,9,60,89,50,70,0,9,100,80,19,59,82,70,91,33,0,3,91,91,44,35,92,81,92,80,80,59,9,18,18,70,40,18,8,187,53,1,42,NA
"8",11,"5/13/2014 5:40",1,"Educated",NA,1,NA,1,2,3,29,80,100,81,50,51,2,80,2,2,8,80,90,51,50,1,21,80,1,9,29,50,50,10,49,1,3,52,50,1,50,95,91,50,50,9,9,80,2,2,50,95,96,61,60,1,1,71,90,82,61,31,19,90,70,49,50,70,187,33,1,42,NA
"9",12,"5/13/2014 5:49",1,"Educated",NA,1,NA,1,50,20,20,90,90,50,90,70,50,90,50,40,40,100,95,90,81,70,80,100,61,30,80,70,50,40,49,40,30,80,95,80,60,95,90,60,80,80,80,90,20,20,30,90,95,60,80,60,80,90,100,100,100,50,25,90,15,15,50,70,187,69,2,43,NA
"10",13,"5/13/2014 5:49",1,"Educated",NA,1,NA,2,85,72,81,53,30,58,57,66,50,69,44,58,65,79,61,76,64,81,39,60,89,58,77,85,57,80,36,58,81,50,78,68,57,59,81,59,68,63,25,100,69,47,59,74,69,39,86,73,73,51,64,60,82,53,66,47,96,79,63,70,187,57,1,41,NA
"11",14,"5/13/2014 5:54",1,"Educated",NA,1,NA,2,31,26,36,63,68,77,58,78,65,86,41,38,56,91,61,83,60,95,85,67,36,39,62,57,59,75,48,75,70,71,77,70,56,98,94,75,55,77,73,97,28,17,28,71,66,86,27,82,90,60,97,78,100,55,38,93,43,45,92,56,187,58,2,39,NA
"12",16,"5/13/2014 23:02",1,"Educated",NA,1,NA,4,19,29,61,71,81,49,40,91,60,60,60,31,60,92,91,59,59,80,82,92,50,8,59,59,69,30,50,82,59,40,80,39,61,91,72,49,48,81,60,81,28,9,39,71,60,60,30,91,81,70,92,91,71,70,39,60,49,49,61,70,187,47,1,38,NA
"13",17,"5/13/2014 23:06",1,"Educated",NA,1,NA,1,53,53,53,71,81,68,56,77,70,87,72,51,60,80,72,61,52,81,72,80,61,62,60,70,69,49,61,69,70,80,51,42,41,81,80,60,50,82,70,100,39,51,42,66,71,64,36,73,52,83,75,78,83,80,57,69,76,67,76,74,187,65,2,38,NA
"14",18,"5/13/2014 23:10",1,"Educated",NA,1,NA,2,67,51,69,68,65,59,49,68,65,77,66,54,53,72,59,60,62,62,70,72,49,46,52,72,42,58,45,74,47,68,60,58,39,79,50,42,49,61,52,90,55,51,64,69,69,57,47,88,58,62,82,77,80,79,57,66,80,73,74,79,187,12,2,39,NA
"15",19,"5/13/2014 23:12",1,"Educated",NA,1,NA,2,8,19,100,96,80,63,79,100,99,100,71,31,100,89,81,38,88,95,89,100,55,25,100,73,83,59,75,95,88,100,78,81,75,91,80,98,78,87,67,96,27,14,95,79,60,79,95,95,80,83,92,69,40,70,48,31,100,17,43,12,187,47,1,44,NA
"16",21,"5/13/2014 23:15",1,"Educated",NA,1,NA,2,61,36,77,69,50,40,41,100,66,96,65,85,60,59,63,64,51,88,63,29,82,95,97,55,60,58,79,79,100,67,100,51,86,100,90,61,81,68,57,94,32,5,53,84,83,72,23,100,50,80,78,36,88,38,6,59,54,9,39,51,187,34,2,38,NA
"17",22,"5/13/2014 23:16",1,"Educated",NA,1,NA,1,50,0,4,49,4,5,0,4,50,20,51,1,50,51,49,49,49,49,49,50,0,0,51,0,21,19,0,19,81,0,100,0,40,100,60,61,0,82,60,100,0,0,2,49,100,50,0,50,49,49,100,100,100,100,3,100,100,4,100,100,187,26,2,44,NA
"18",24,"5/13/2014 23:17",1,"Educated",NA,1,NA,1,49,10,76,71,18,20,20,82,50,91,71,19,50,90,91,49,83,71,50,100,60,11,90,70,18,29,20,81,49,49,79,49,69,90,59,39,70,68,39,98,20,8,70,90,90,82,54,71,25,90,70,96,69,22,10,50,83,28,49,29,187,46,1,38,NA
"19",25,"5/13/2014 23:27",1,"Educated",NA,1,NA,1,23,0,56,100,100,56,0,80,100,100,14,0,67,100,100,38,0,43,53,100,55,50,54,0,0,42,0,55,67,0,71,0,61,96,100,50,0,71,66,100,0,0,92,100,100,81,0,55,86,91,52,0,78,56,0,81,0,0,67,10,187,43,1,38,NA
"20",26,"5/13/2014 23:27",1,"Educated",NA,1,NA,1,62,40,95,36,91,60,56,100,76,64,70,66,81,100,56,94,56,78,100,100,38,33,55,100,0,63,25,66,100,100,41,60,68,88,90,44,40,26,86,47,60,0,53,100,48,74,65,59,78,73,47,100,85,97,32,83,47,87,61,80,187,69,2,38,NA
"21",27,"5/13/2014 23:27",1,"Educated",NA,1,NA,2,100,100,100,100,100,100,100,100,100,100,100,81,90,100,100,90,100,100,100,100,91,70,100,90,83,89,100,90,100,91,100,91,100,100,100,100,100,100,100,100,80,71,81,100,91,100,100,100,91,91,100,100,100,100,90,100,100,100,100,100,187,33,2,43,NA
"22",28,"5/13/2014 23:28",1,"Educated",NA,1,NA,1,10,9,9,50,100,9,10,49,29,100,8,4,20,61,100,20,29,92,81,92,18,5,19,10,9,6,4,50,50,100,41,3,11,18,100,9,19,80,71,100,1,2,9,60,98,81,2,90,62,91,100,91,100,10,8,90,100,10,10,7,187,51,1,43,NA
"23",29,"5/13/2014 23:28",1,"Educated",NA,1,NA,2,50,10,71,50,49,51,10,50,50,80,49,10,60,51,51,49,30,51,50,79,50,30,80,50,51,40,30,50,50,90,50,10,80,82,51,48,40,51,51,78,51,9,81,60,51,51,21,51,50,79,82,91,60,51,50,59,80,50,51,60,187,30,2,38,NA
"24",30,"5/13/2014 23:29",1,"Educated",NA,1,NA,1,40,9,30,60,59,61,40,70,50,66,35,16,40,57,49,43,45,70,29,66,60,40,61,60,59,46,51,50,40,59,92,49,55,70,68,41,59,81,89,99,3,9,50,51,39,49,40,50,40,60,62,53,54,70,76,56,63,84,71,80,187,50,1,42,NA
"25",31,"5/13/2014 23:30",1,"Educated",NA,1,NA,1,74,76,85,84,66,79,75,84,83,83,87,78,79,91,67,66,72,90,88,88,72,70,85,78,70,77,68,80,71,90,94,86,73,76,79,72,76,89,82,84,81,89,89,75,69,61,68,79,82,84,83,92,80,76,70,84,77,80,74,85,187,46,2,40,NA
"26",32,"5/13/2014 23:41",1,"Educated",NA,1,NA,1,55,33,61,54,51,49,55,54,50,81,50,33,53,57,56,50,50,54,51,75,48,49,80,50,50,50,50,50,60,91,62,54,71,70,57,63,69,81,60,82,49,49,51,54,50,66,49,56,50,59,80,91,70,61,54,59,67,71,50,66,187,41,2,38,NA
"27",33,"5/13/2014 23:42",1,"Educated",NA,1,NA,1,63,47,66,80,86,72,57,98,57,52,93,39,90,75,61,79,59,97,98,59,100,39,98,81,81,59,61,100,100,99,97,97,98,99,52,66,52,98,96,99,50,20,82,81,51,80,30,92,80,92,98,100,96,79,58,90,70,100,100,100,187,57,2,38,NA
"28",34,"5/13/2014 23:42",1,"Educated",NA,1,NA,1,97,96,94,98,73,61,65,98,100,95,85,85,86,90,82,86,85,87,87,86,91,89,87,85,80,86,87,87,88,96,87,58,74,97,87,89,86,86,87,100,94,98,93,94,36,94,95,93,92,95,94,90,98,93,90,93,100,86,91,91,187,71,1,42,NA
"29",35,"5/13/2014 23:44",1,"Educated",NA,1,NA,2,77,56,69,100,76,56,90,89,91,92,95,58,82,100,100,90,97,91,86,100,50,51,100,98,65,77,71,50,91,100,96,67,81,99,96,81,91,91,87,100,91,53,87,100,100,80,95,81,94,98,100,100,100,88,79,98,89,92,96,95,187,60,1,43,NA
"30",36,"5/13/2014 23:45",1,"Educated",NA,1,NA,1,73,42,86,100,76,100,51,100,90,100,68,53,57,89,61,77,65,83,79,83,80,50,91,51,70,92,29,70,90,61,69,70,61,91,69,61,70,91,49,100,38,21,20,91,60,100,45,90,80,79,100,100,86,72,100,29,100,59,30,100,187,54,1,42,NA
"31",37,"5/14/2014 0:01",1,"Educated",NA,1,NA,1,55,30,91,79,62,35,96,67,77,94,67,17,87,73,84,62,49,77,47,74,34,55,86,34,64,16,42,57,94,90,88,71,92,77,57,22,48,68,83,94,71,24,87,79,98,92,94,73,86,97,86,55,48,88,39,5,42,9,44,65,187,68,1,43,NA
"32",38,"5/14/2014 0:05",1,"Educated",NA,1,NA,2,71,59,81,60,49,49,60,91,70,81,67,93,89,93,76,96,76,97,79,91,83,84,77,71,68,73,67,96,89,97,69,81,70,98,60,81,61,90,59,91,70,59,87,99,60,94,59,99,71,86,75,84,85,65,50,85,63,77,64,75,187,65,1,41,NA
"33",39,"5/14/2014 0:09",1,"Educated",NA,1,NA,2,16,0,0,57,21,45,40,41,37,62,26,0,0,50,25,42,44,39,18,47,4,0,5,47,31,52,36,35,28,58,7,0,7,56,22,45,43,23,39,64,2,0,0,60,12,64,6,36,23,51,58,65,7,39,11,78,40,19,14,29,187,31,2,38,NA
"34",40,"5/14/2014 0:27",1,"Educated",NA,1,NA,1,71,9,8,49,100,50,100,100,50,50,100,8,50,49,49,100,49,100,49,50,49,2,0,0,79,30,49,100,51,0,100,20,69,100,100,100,100,100,80,100,55,19,19,81,80,100,81,100,80,80,100,100,100,29,29,59,30,29,29,100,187,37,2,44,NA
"35",41,"5/14/2014 0:36",1,"Educated",NA,1,NA,2,5,5,5,5,5,5,6,6,6,6,2,6,5,6,6,6,6,6,7,5,4,4,5,5,4,5,5,5,5,4,6,5,6,5,5,4,5,6,4,4,6,6,7,6,6,6,7,7,7,6,6,6,5,7,6,6,6,6,6,5,187,50,1,38,NA
"36",42,"5/14/2014 0:39",1,"Educated",NA,1,NA,1,78,2,4,90,84,89,41,79,79,92,69,10,60,96,63,91,75,76,62,97,70,75,84,71,62,27,61,71,65,59,75,39,28,99,79,70,69,88,75,97,15,4,21,94,85,88,73,82,80,87,92,83,87,51,55,84,74,63,69,68,187,63,1,38,NA
"37",43,"5/14/2014 0:42",1,"Educated",NA,1,NA,4,83,79,63,80,70,49,50,89,76,89,86,82,60,95,97,85,91,94,90,90,70,52,60,76,66,64,65,90,85,80,91,69,64,95,80,75,60,96,71,86,91,71,69,91,84,96,79,94,75,92,69,60,81,40,60,81,28,40,39,59,187,61,1,39,NA
"38",44,"5/14/2014 0:48",1,"Educated",NA,1,NA,1,29,9,45,100,90,100,39,80,100,80,39,5,50,100,50,100,40,70,95,91,60,9,49,91,70,39,80,91,100,49,98,55,49,100,91,100,70,90,100,100,8,9,39,90,81,92,9,38,91,79,91,90,100,9,10,100,50,9,9,70,187,51,1,42,NA
"39",45,"5/14/2014 0:50",1,"Educated",NA,1,NA,1,9,1,49,59,18,70,10,81,60,70,59,31,49,100,81,50,91,99,99,100,50,39,50,49,49,20,51,59,49,79,70,7,59,91,60,50,59,70,61,100,14,0,50,70,19,53,9,29,49,60,100,100,100,80,91,100,81,70,61,70,187,59,2,42,NA
"40",46,"5/14/2014 0:52",1,"Educated",NA,1,NA,1,100,60,100,100,91,88,69,100,75,100,96,61,69,99,81,86,75,96,90,100,89,85,99,100,65,73,49,89,96,91,89,63,76,100,69,78,82,99,86,98,88,67,87,99,79,78,72,96,73,98,93,83,69,53,44,80,87,33,75,90,187,69,1,42,NA
"41",47,"5/14/2014 0:54",1,"Educated",NA,1,NA,1,50,21,32,55,72,57,64,87,57,70,60,42,54,60,73,83,61,89,70,79,45,29,50,48,63,44,56,81,55,71,70,64,67,80,75,57,64,89,69,92,30,31,61,55,81,74,67,79,72,76,66,71,62,76,25,54,20,62,58,61,187,34,1,42,NA
"42",49,"5/14/2014 0:54",1,"Educated",NA,1,NA,2,46,49,38,61,53,70,49,75,44,57,61,49,61,33,63,50,48,64,68,56,63,61,67,38,70,61,73,56,61,43,39,74,75,50,52,56,67,42,66,67,66,36,59,73,54,56,50,66,45,54,63,59,46,50,63,49,70,56,51,43,187,61,1,42,NA
"43",50,"5/14/2014 0:56",1,"Educated",NA,1,NA,1,0,0,20,50,100,20,50,80,80,100,80,20,30,100,100,50,50,80,100,100,0,0,50,100,100,0,0,80,100,100,20,0,20,100,100,20,50,80,80,100,0,0,0,90,50,0,0,80,50,90,100,100,100,0,0,50,50,50,0,50,187,34,1,42,NA
"44",51,"5/14/2014 0:59",1,"Educated",NA,1,NA,2,21,6,12,48,53,53,6,5,21,59,13,6,15,65,63,46,26,13,17,61,20,22,12,29,11,10,24,2,17,38,52,12,14,74,47,48,39,57,29,84,13,1,1,67,9,21,7,16,14,67,53,71,5,29,23,50,10,23,11,32,187,48,2,44,NA
"45",52,"5/14/2014 0:59",1,"Educated",NA,1,NA,1,45,40,65,90,85,55,49,50,65,89,55,66,76,80,81,65,60,80,76,80,35,25,70,95,80,65,40,45,65,95,40,50,75,96,81,60,35,50,70,96,35,50,75,85,75,65,60,55,70,90,75,65,85,85,70,80,70,60,70,80,187,30,1,41,NA
"46",53,"5/14/2014 1:02",1,"Educated",NA,1,NA,1,31,8,20,93,52,50,28,49,39,79,48,19,33,88,31,28,33,54,42,81,27,18,29,68,52,81,49,40,60,90,62,19,18,97,80,30,61,51,41,91,40,18,19,69,39,70,38,71,49,80,90,91,89,80,90,63,80,49,71,80,187,27,1,42,NA
"47",54,"5/14/2014 1:10",1,"Educated",NA,1,NA,2,49,30,19,61,91,91,92,71,91,90,70,22,18,97,96,91,91,91,91,90,69,80,91,60,59,20,59,80,70,61,88,9,59,100,91,59,60,91,80,99,60,60,70,90,91,90,90,91,91,90,76,95,55,24,25,65,35,24,74,25,187,36,1,39,NA
"48",56,"5/14/2014 1:31",1,"Educated",NA,1,NA,1,18,10,70,70,90,70,8,60,70,100,70,10,90,95,100,90,20,80,90,100,60,10,90,80,60,60,10,70,70,100,70,40,80,90,100,70,70,70,70,90,10,10,70,60,80,70,10,65,70,80,100,100,90,80,50,80,90,60,70,80,187,50,2,44,NA
"49",57,"5/14/2014 1:32",1,"Educated",NA,1,NA,2,83,80,75,80,88,80,87,85,93,93,92,84,94,91,89,97,93,91,88,80,89,89,97,80,80,58,71,90,91,80,94,77,86,97,89,88,80,89,88,94,89,80,83,90,87,96,92,93,87,93,89,94,88,98,90,93,84,90,94,92,187,34,1,44,NA
"50",58,"5/14/2014 1:32",1,"Educated",NA,1,NA,1,64,6,98,72,61,61,60,89,93,97,100,23,100,100,77,85,85,100,100,100,69,55,100,73,50,33,66,83,79,100,59,40,92,87,69,54,29,84,92,100,100,99,100,100,100,100,100,100,100,100,91,100,60,60,42,99,60,80,61,62,187,39,2,41,NA
"51",59,"5/14/2014 1:35",1,"Educated",NA,1,NA,1,50,33,66,90,95,83,90,87,75,85,50,33,77,93,97,65,85,80,77,80,60,13,33,90,93,75,75,40,87,60,75,85,85,97,96,84,88,91,78,95,66,10,50,95,97,90,92,76,86,95,100,100,93,91,80,95,71,96,98,75,187,30,1,40,NA
"52",60,"5/14/2014 1:39",1,"Educated",NA,1,NA,1,85,89,88,95,90,85,89,88,90,89,92,81,92,98,94,51,90,72,80,71,67,70,84,94,93,69,87,74,87,92,90,74,90,94,90,93,93,94,88,89,96,89,88,89,91,81,94,92,93,85,92,91,93,91,90,92,91,91,84,90,187,68,2,44,NA
"53",63,"5/14/2014 1:47",1,"Educated",NA,1,NA,1,81,49,59,80,100,89,88,81,89,39,32,22,31,78,100,49,84,70,75,43,9,40,30,71,82,11,81,74,86,26,79,50,59,91,100,83,94,69,85,69,9,12,35,83,94,85,68,74,73,17,95,98,98,79,87,83,71,95,96,55,187,33,1,44,NA
"54",64,"5/14/2014 1:47",1,"Educated",NA,1,NA,1,87,95,63,77,75,86,72,94,86,100,77,59,48,93,52,70,38,61,80,87,100,68,9,95,73,56,35,100,67,85,95,79,60,100,92,82,74,94,87,100,95,40,49,100,72,83,64,67,79,100,59,100,86,0,100,0,82,20,46,75,187,73,1,43,NA
"55",65,"5/14/2014 1:48",1,"Educated",NA,1,NA,2,84,73,89,61,69,44,75,66,67,78,85,71,88,53,80,50,72,71,80,83,72,78,95,54,69,48,55,78,62,60,78,75,81,67,77,80,65,77,65,91,80,62,72,65,82,51,69,82,61,77,94,94,80,51,74,54,71,70,74,67,187,58,2,40,NA
"56",66,"5/14/2014 1:48",1,"Educated",NA,1,NA,2,37,20,48,84,76,78,40,47,66,75,68,77,57,77,64,83,79,88,85,53,55,21,43,87,69,58,82,84,76,89,86,43,49,77,31,26,84,73,31,46,80,36,44,78,47,75,63,39,69,59,65,69,79,39,78,74,69,68,81,83,187,54,2,40,NA
"57",68,"5/14/2014 1:56",1,"Educated",NA,1,NA,2,79,80,78,80,80,80,80,80,80,100,73,72,78,76,79,72,75,75,73,78,80,75,84,78,74,85,86,79,83,83,82,81,84,81,81,83,81,81,83,83,77,72,74,71,72,74,74,71,74,98,98,91,82,83,79,80,100,81,80,81,187,63,2,43,NA
"58",69,"5/14/2014 1:58",1,"Educated",NA,1,NA,2,67,68,70,77,70,69,75,67,78,71,76,75,73,76,70,74,74,73,62,73,68,69,75,78,76,66,69,71,75,75,74,74,73,75,65,69,76,76,75,74,74,74,72,61,60,68,74,73,75,73,65,71,77,76,75,69,71,73,74,72,187,50,1,43,NA
"59",70,"5/14/2014 2:09",1,"Educated",NA,1,NA,2,6,8,4,88,86,78,72,82,91,90,9,8,9,88,87,86,82,12,87,70,17,12,10,85,85,84,75,11,90,92,20,5,11,85,77,87,80,71,92,84,10,3,8,88,89,89,36,5,84,82,83,83,84,87,84,74,89,76,75,85,187,53,2,44,NA
"60",71,"5/14/2014 2:11",1,"Educated",NA,1,NA,2,40,0,26,50,91,50,75,65,70,70,60,0,50,81,100,49,91,90,95,90,30,9,91,40,50,9,50,50,70,70,85,50,40,89,69,50,70,65,86,95,49,0,61,75,90,90,40,71,71,81,100,100,60,50,20,30,76,30,19,60,187,67,2,44,NA
"61",72,"5/14/2014 2:13",1,"Educated",NA,1,NA,2,90,83,78,87,71,83,84,86,89,90,90,79,85,87,81,88,91,91,93,95,81,70,82,82,81,79,78,77,84,79,82,68,83,89,74,66,72,82,82,85,65,63,75,81,75,79,80,84,83,83,86,79,79,77,79,78,79,79,80,77,187,50,2,39,NA
"62",74,"5/14/2014 2:15",1,"Educated",NA,1,NA,4,71,43,75,69,96,39,21,89,55,98,80,45,43,68,93,22,40,71,25,98,72,36,56,63,84,29,17,73,56,96,85,19,47,87,67,44,31,89,31,76,73,57,37,70,92,29,19,89,29,96,83,93,45,27,10,95,14,28,94,62,187,25,1,43,NA
"63",75,"5/14/2014 2:15",1,"Educated",NA,1,NA,2,100,100,100,91,100,69,33,100,100,100,50,80,40,98,90,60,100,100,100,100,80,92,91,80,65,17,14,80,88,99,100,100,60,100,100,40,90,100,100,100,90,90,90,100,100,70,100,100,100,90,90,60,70,90,70,30,60,50,90,90,187,55,1,43,NA
"64",77,"5/14/2014 2:18",1,"Educated",NA,1,NA,1,54,64,68,55,73,56,55,68,58,72,71,32,65,63,58,77,56,86,74,82,38,38,34,49,36,52,32,64,56,55,85,83,84,93,85,78,82,91,93,95,72,0,21,71,58,81,63,70,50,59,77,90,98,65,55,67,69,57,74,74,187,73,2,44,NA
"65",78,"5/14/2014 2:20",1,"Educated",NA,1,NA,1,63,8,64,64,56,51,36,76,78,76,70,13,49,77,63,50,59,61,80,71,54,7,66,74,35,53,34,60,30,70,76,36,77,87,68,23,71,85,66,99,76,3,30,60,82,53,29,70,70,73,57,84,53,37,27,36,70,44,46,77,187,38,1,38,NA
"66",79,"5/14/2014 2:21",1,"Educated",NA,1,NA,1,54,52,52,52,56,51,54,52,53,52,52,55,53,53,50,52,53,52,52,52,53,54,54,53,54,53,55,54,52,54,50,50,50,52,49,51,54,51,51,50,51,50,52,51,47,53,52,54,51,53,50,50,53,52,50,51,52,52,52,53,187,62,2,38,NA
"67",80,"5/14/2014 2:24",1,"Educated",NA,1,NA,4,30,37,38,28,44,30,51,50,32,22,44,36,26,38,21,38,28,31,41,24,45,37,38,50,39,45,30,48,56,60,44,45,51,68,39,49,62,53,54,47,63,32,37,43,58,43,52,42,46,55,27,16,29,19,28,38,28,19,17,15,52,65,1,41,NA
"68",81,"5/14/2014 2:28",1,"Educated",NA,1,NA,2,36,7,13,81,85,88,64,72,61,81,51,20,40,80,80,73,71,75,73,82,35,26,34,61,54,74,53,76,58,37,67,35,62,91,83,70,85,68,64,89,19,7,23,74,68,71,55,62,47,86,93,94,98,75,64,74,80,65,80,61,187,55,2,43,NA
"69",82,"5/14/2014 2:32",1,"Educated",NA,1,NA,1,40,28,61,59,49,30,51,79,70,51,60,70,48,39,40,24,41,59,50,59,50,33,49,80,59,50,46,51,62,68,73,25,49,75,57,38,70,78,71,73,48,37,49,70,61,50,48,59,48,68,50,40,40,67,48,90,50,39,60,59,187,36,2,38,NA
"70",83,"5/14/2014 2:33",1,"Educated",NA,1,NA,1,19,50,61,82,80,81,19,92,90,91,82,51,51,60,81,60,49,90,90,82,70,71,80,70,61,50,51,91,80,81,66,66,76,61,76,61,61,81,81,81,35,60,60,61,60,71,20,81,60,61,61,61,51,51,50,50,61,40,40,41,187,56,1,41,NA
"71",84,"5/14/2014 2:33",1,"Educated",NA,1,NA,1,87,50,92,87,91,78,80,91,87,62,82,14,85,89,73,53,55,87,93,71,63,16,78,75,51,54,41,74,100,87,89,67,78,98,88,81,93,91,86,92,37,23,82,75,89,80,51,93,87,60,94,93,98,76,94,79,89,93,90,67,187,65,1,43,NA
"72",85,"5/14/2014 2:37",1,"Educated",NA,1,NA,1,3,3,60,95,86,90,94,5,96,94,14,8,77,70,72,90,79,7,42,63,19,10,30,81,62,73,75,6,40,69,95,48,61,100,97,94,91,100,100,100,94,59,63,100,96,95,100,97,100,60,9,2,78,96,86,94,92,5,81,93,187,35,1,39,NA
"73",86,"5/14/2014 2:40",1,"Educated",NA,1,NA,2,80,50,50,85,85,70,70,90,80,80,60,70,70,90,90,90,70,80,75,95,85,50,50,80,85,75,75,90,75,85,85,65,85,90,80,85,80,70,75,90,75,25,50,85,90,85,75,90,70,80,90,95,95,70,60,95,75,60,75,70,187,27,1,43,NA
"74",88,"5/14/2014 2:48",1,"Educated",NA,1,NA,2,70,52,68,64,56,55,63,69,53,51,56,51,57,52,59,41,63,46,58,54,55,53,71,60,60,59,68,74,58,64,49,61,69,52,56,50,61,49,61,60,56,51,59,51,52,58,62,52,65,50,53,58,64,59,67,65,45,51,68,63,187,64,2,41,NA
"75",89,"5/14/2014 3:06",1,"Educated",NA,1,NA,1,50,39,61,70,71,55,70,74,74,70,82,40,71,90,80,89,90,83,80,97,69,50,79,62,71,61,71,67,81,96,80,69,69,80,81,80,89,82,70,96,62,61,68,76,70,78,70,76,76,87,100,100,100,74,70,60,86,51,50,90,187,71,2,38,NA
"76",90,"5/14/2014 3:06",1,"Educated",NA,1,NA,1,78,85,84,80,78,83,85,77,87,78,84,78,73,78,86,86,84,79,85,78,81,82,82,85,80,71,80,79,82,81,83,81,83,80,81,84,83,81,80,84,80,81,86,80,86,86,83,85,82,83,81,81,78,81,81,56,81,85,82,84,187,56,2,43,NA
"77",92,"5/14/2014 3:10",1,"Educated",NA,1,NA,1,61,39,70,71,91,60,70,60,89,80,81,41,70,80,90,89,81,80,59,71,60,50,70,55,55,70,55,71,85,60,66,40,81,71,71,71,62,70,82,91,61,3,64,78,87,81,9,70,80,65,80,100,74,51,9,60,49,60,40,69,187,37,2,41,NA
"78",94,"5/14/2014 22:41",1,"Educated",NA,1,NA,1,71,0,29,78,75,52,0,54,70,100,60,2,30,85,77,65,3,71,64,100,10,2,43,53,56,31,0,36,42,34,60,3,49,89,74,65,20,69,40,100,19,0,39,57,51,59,0,58,56,99,96,98,69,74,18,69,96,50,70,44,187,51,1,38,NA
"79",95,"5/14/2014 22:44",1,"Educated",NA,1,NA,2,0,0,0,80,80,80,50,10,80,80,50,10,10,90,90,90,90,50,90,90,0,0,0,60,60,50,60,0,80,60,29,0,0,100,100,50,100,80,90,100,70,10,10,100,100,100,100,70,100,100,100,100,100,20,50,50,100,10,50,70,187,36,1,43,NA
"80",96,"5/14/2014 22:46",1,"Educated",NA,1,NA,2,80,28,20,91,95,70,90,90,69,90,90,59,60,90,91,91,91,80,80,90,91,19,29,91,80,70,91,91,70,91,90,49,49,100,90,79,80,91,69,91,80,39,29,91,91,81,80,80,60,91,90,100,91,80,81,69,80,90,80,70,187,25,2,42,NA
"81",97,"5/14/2014 22:48",1,"Educated",NA,1,NA,2,83,84,99,88,84,92,82,98,82,97,81,86,99,96,86,99,84,97,100,81,77,88,95,82,81,94,81,99,100,94,100,88,83,100,99,99,100,100,99,99,97,97,100,99,99,100,98,100,100,98,98,98,95,77,79,78,100,76,78,74,187,38,2,42,NA
"82",3,"5/14/2014 8:54",1,"Scientists",NA,1,NA,1,80,49,20,40,87,50,48,29,29,40,90,70,35,80,80,9,50,80,50,68,67,90,91,65,9,3,50,28,80,79,70,60,60,70,5,40,40,70,20,70,49,5,39,51,71,90,4,74,50,49,59,94,82,62,11,20,60,51,32,66,187,52,2,38,NA
"83",13,"5/14/2014 11:00",1,"Scientists",NA,1,NA,1,36,18,56,57,59,43,75,71,81,68,43,51,50,61,87,40,45,72,83,92,57,68,60,67,50,18,33,47,15,83,80,30,72,78,69,48,58,77,65,82,40,0,35,87,55,81,81,57,59,72,33,100,99,21,31,23,28,33,4,85,187,46,1,41,NA
"84",19,"5/14/2014 11:55",1,"Scientists",NA,1,NA,1,10,9,79,19,100,51,32,89,82,91,22,10,12,71,94,82,81,49,90,92,40,72,20,30,0,7,9,62,81,59,90,40,31,71,19,10,20,21,82,100,29,10,40,89,81,92,30,69,82,91,91,100,100,49,19,100,31,49,70,70,187,37,1,42,NA
"85",27,"5/14/2014 13:02",1,"Scientists",NA,1,NA,1,0,9,33,13,100,0,100,53,69,87,0,4,33,63,53,0,79,48,70,91,29,92,90,17,0,0,21,49,82,100,14,0,79,85,11,39,78,21,72,100,0,0,4,100,100,53,0,100,11,100,99,77,49,53,18,0,100,60,21,72,187,44,1,42,NA
"86",28,"5/14/2014 13:11",1,"Scientists",NA,1,NA,1,14,9,52,93,97,97,86,92,94,83,45,12,93,91,92,97,77,94,93,89,14,10,61,80,57,95,60,94,74,65,55,55,71,82,83,78,79,76,70,91,10,7,91,87,96,95,81,96,95,81,100,84,72,34,5,4,9,3,6,95,187,24,1,39,NA
"87",35,"5/14/2014 15:05",1,"Scientists",NA,1,NA,1,50,50,69,70,61,70,70,70,70,80,70,70,70,80,70,70,71,71,71,80,70,49,81,77,60,59,50,69,70,81,74,50,71,83,70,65,70,69,69,83,71,70,70,70,70,70,71,70,70,71,81,80,70,71,68,79,69,69,69,69,187,42,1,39,NA
"88",47,"5/15/2014 2:26",1,"Scientists",NA,1,NA,1,60,2,60,71,80,50,40,71,60,80,81,2,50,80,51,45,50,80,66,81,50,39,71,29,24,19,39,50,50,61,55,1,29,86,19,19,75,71,19,92,77,2,70,71,61,77,9,76,70,80,49,86,67,60,20,39,60,51,29,49,187,54,1,38,NA
"89",50,"5/15/2014 8:58",1,"Scientists",NA,1,NA,1,36,3,22,90,91,25,65,91,62,62,70,10,40,91,81,50,70,91,71,76,66,3,39,83,7,25,40,88,53,85,61,34,25,85,51,51,46,66,38,78,51,15,45,89,52,52,65,90,53,66,90,94,83,96,82,85,85,81,52,76,187,53,1,39,NA
"90",55,"5/15/2014 15:10",1,"Scientists",NA,1,NA,1,18,15,52,62,87,18,82,73,77,76,89,18,78,71,80,34,85,91,91,92,68,26,66,37,76,32,16,81,85,64,44,17,64,88,72,39,67,68,59,90,24,12,79,89,83,52,83,84,12,83,69,100,84,69,24,100,84,37,48,74,187,28,1,38,NA
"91",56,"5/15/2014 17:40",1,"Scientists",NA,1,NA,1,60,9,65,81,91,40,46,81,71,85,81,20,71,85,87,60,81,87,71,90,61,20,75,61,40,40,20,50,85,70,86,40,61,91,81,40,73,86,86,86,60,10,50,87,70,80,20,81,57,76,87,98,92,50,45,65,94,54,64,90,187,47,1,39,NA
"92",85,"5/19/2014 16:58",1,"Scientists",NA,1,NA,1,70,19,30,81,91,92,50,70,50,91,60,60,50,90,50,30,30,90,80,90,40,20,70,80,20,20,30,70,40,80,60,20,70,70,30,20,30,90,30,90,50,39,51,70,80,50,30,90,50,80,70,90,80,80,30,70,80,30,40,70,187,23,1,39,NA
"93",87,"5/19/2014 18:43",1,"Scientists",NA,1,NA,NA,29,9,49,60,49,60,40,49,50,70,51,10,58,61,80,51,50,69,60,59,80,9,81,49,19,18,52,30,51,81,51,30,40,81,50,50,51,71,52,91,29,8,30,70,50,49,10,30,50,50,100,99,100,100,51,100,100,99,60,100,187,64,2,39,NA
"94",132,"6/11/2014 14:40",1,"Scientists",NA,1,NA,1,0,1,30,70,30,30,20,81,19,81,61,0,1,71,91,40,70,91,71,91,20,1,20,61,81,35,1,81,81,81,71,60,40,70,40,40,61,81,61,81,0,1,1,61,61,81,1,81,50,81,100,100,100,80,80,81,100,81,100,100,187,50,1,39,NA
"95",133,"6/11/2014 14:45",1,"Scientists",NA,1,NA,1,41,21,30,87,96,95,93,91,86,86,88,26,37,89,73,79,80,88,86,89,39,40,35,87,80,71,82,90,85,65,98,92,62,96,94,83,85,95,91,94,61,39,66,92,92,94,81,96,91,94,98,98,98,82,68,83,89,46,81,82,187,37,1,44,NA
"96",134,"6/11/2014 14:51",1,"Scientists",NA,1,NA,1,0,0,50,80,100,51,91,70,60,90,9,0,61,70,100,50,91,100,91,91,0,9,50,50,0,0,0,19,39,50,62,0,51,71,71,30,50,61,50,100,20,0,61,80,91,100,50,81,50,80,91,100,51,81,0,81,100,0,0,51,187,55,2,43,NA
"97",153,"6/13/2014 19:51",1,"Scientists",NA,1,NA,1,30,10,50,90,90,50,90,90,90,90,50,10,50,50,50,50,50,70,50,70,70,10,50,50,30,10,20,20,50,70,70,10,70,70,70,70,50,70,70,70,50,10,50,50,50,50,40,50,50,50,70,60,60,30,70,30,30,20,30,30,187,55,1,41,NA
"98",166,"6/17/2014 14:13",1,"Scientists",NA,1,NA,1,80,72,70,100,81,81,81,100,100,100,92,81,80,91,91,82,81,92,71,91,91,91,91,81,60,80,92,60,71,91,92,92,71,80,70,70,92,92,60,80,81,60,71,80,70,81,60,80,60,80,92,90,80,80,71,90,92,81,70,82,187,60,2,43,NA
"99",169,"6/18/2014 23:00",1,"Scientists",NA,1,NA,1,26,12,15,90,98,50,69,96,81,91,52,12,6,81,91,48,91,91,90,94,14,1,10,72,51,14,73,89,83,71,73,32,29,33,83,35,78,83,31,83,20,1,6,90,90,70,65,87,82,86,98,100,77,77,11,98,98,75,65,66,187,32,1,44,NA
"100",172,"6/19/2014 13:27",1,"Scientists",NA,1,NA,1,0,0,0,91,0,0,81,100,20,100,49,50,92,100,91,91,91,100,91,100,29,0,91,91,0,0,92,60,29,100,18,0,49,100,70,0,49,50,70,100,0,0,9,100,49,70,9,100,69,100,80,91,49,50,49,0,81,0,0,100,187,42,1,41,NA
"101",181,"6/27/2014 9:57",1,"Scientists",NA,1,NA,1,77,6,95,83,36,44,33,96,85,99,76,10,76,85,66,87,71,91,95,100,69,20,87,60,29,15,29,85,72,92,89,61,89,90,41,41,50,89,79,100,60,9,71,84,20,70,91,87,87,97,91,100,90,90,41,80,37,71,60,72,187,42,1,39,NA
"102",185,"6/27/2014 10:12",1,"Scientists",NA,1,NA,1,97,98,93,96,98,96,97,97,97,97,95,96,96,97,96,96,96,97,97,96,98,96,96,98,96,95,97,96,96,96,99,97,96,98,97,96,96,98,94,97,96,98,96,96,96,96,95,96,96,96,96,97,98,98,97,98,99,99,97,98,187,NA,2,44,NA
"103",192,"6/27/2014 10:59",1,"Scientists",NA,1,NA,1,9,19,19,91,19,70,29,80,80,70,50,29,60,80,70,80,70,91,80,81,9,29,70,60,9,9,9,29,70,70,70,49,40,60,49,19,49,70,60,80,50,19,60,91,70,96,40,81,81,96,70,100,50,70,9,9,19,29,49,60,187,51,1,39,NA
"104",193,"6/27/2014 11:09",1,"Scientists",NA,1,NA,1,44,24,41,54,76,58,65,66,66,88,66,31,73,71,76,49,47,85,55,96,49,37,76,41,45,44,38,53,56,76,54,39,49,70,61,48,50,76,58,91,29,21,56,61,34,70,28,70,35,65,90,96,91,81,49,97,89,48,65,90,187,32,1,41,NA
"105",200,"6/27/2014 12:26",1,"Scientists",NA,1,NA,1,70,49,70,80,10,50,8,82,83,91,18,19,71,90,70,49,51,91,71,80,9,29,50,81,9,9,10,81,72,91,81,9,50,80,60,60,49,80,50,92,20,20,71,70,91,51,92,91,91,92,90,80,51,71,49,49,8,9,9,81,187,42,1,39,NA
"106",201,"6/27/2014 12:29",1,"Scientists",NA,1,NA,1,31,14,23,60,69,23,29,71,39,82,79,40,40,90,60,19,53,89,49,96,60,20,50,80,31,4,30,81,62,91,65,39,53,80,34,27,28,69,39,87,31,21,57,74,61,83,40,82,39,91,60,91,80,50,40,72,90,21,69,91,187,27,1,39,NA
"107",205,"6/27/2014 13:05",1,"Scientists",NA,1,NA,1,20,19,5,91,91,69,51,81,81,96,81,11,19,50,30,28,29,82,39,91,50,50,95,81,50,10,50,91,71,81,91,50,61,96,39,29,46,91,61,91,82,8,20,96,29,81,50,91,50,50,29,96,91,3,3,81,19,1,9,50,187,51,1,38,NA
"108",207,"6/27/2014 13:11",1,"Scientists",NA,1,NA,1,17,10,65,80,84,10,50,91,48,93,60,9,40,81,99,51,30,82,40,91,70,38,20,69,3,1,4,40,25,95,75,28,51,88,55,19,26,71,59,100,19,3,52,94,91,76,20,78,20,92,100,99,83,76,40,91,54,74,87,81,187,46,1,38,NA
"109",208,"6/27/2014 13:11",1,"Scientists",NA,1,NA,1,9,0,39,100,51,9,51,90,71,91,100,9,4,100,71,50,81,100,100,100,71,19,91,51,51,2,50,50,51,71,100,30,19,80,50,29,50,80,100,70,10,9,20,60,50,50,0,81,60,92,100,100,20,71,50,NA,51,5,50,71,187,61,2,38,NA
"110",209,"6/27/2014 13:13",1,"Scientists",NA,1,NA,1,50,38,50,51,49,50,40,51,19,68,51,49,52,52,50,50,51,51,51,52,49,50,39,62,48,40,49,61,39,65,60,63,49,72,61,29,62,62,30,87,60,59,62,72,71,71,62,72,41,72,29,89,55,19,41,10,71,7,5,39,187,31,1,42,NA
"111",210,"6/27/2014 13:36",1,"Scientists",NA,1,NA,1,28,12,60,81,97,60,90,78,72,91,20,19,59,80,94,69,88,88,78,96,31,7,59,64,81,30,72,72,61,79,54,52,50,69,50,60,50,81,60,93,50,10,55,91,87,80,91,92,74,100,83,100,91,50,20,76,74,10,97,62,187,37,1,39,NA
"112",212,"6/27/2014 14:09",1,"Scientists",NA,1,NA,1,49,29,29,80,100,39,80,49,80,81,91,29,29,91,100,40,91,70,91,91,19,19,19,50,70,9,60,40,70,70,59,29,29,70,80,30,80,50,70,91,29,19,19,70,91,70,49,40,70,50,100,100,91,70,19,70,49,19,70,81,187,47,1,44,NA
"113",214,"6/27/2014 14:09",1,"Scientists",NA,1,NA,1,67,6,35,100,100,100,55,100,100,100,100,6,30,100,100,100,100,100,100,100,86,80,85,73,37,82,40,83,50,82,90,6,19,100,59,71,59,80,63,100,52,8,24,100,100,100,21,78,90,100,71,83,52,91,3,70,67,46,50,67,187,60,1,44,NA
"114",215,"6/27/2014 14:15",1,"Scientists",NA,1,NA,1,39,10,51,90,79,60,49,87,82,81,92,18,62,92,91,92,61,91,93,39,68,20,83,80,29,20,51,86,86,80,87,7,72,99,63,91,79,86,81,80,15,4,60,92,49,92,5,91,100,91,59,93,72,82,55,81,80,62,56,87,187,36,1,38,NA
"115",216,"6/27/2014 14:19",1,"Scientists",NA,1,NA,1,56,50,51,90,80,85,64,87,80,83,71,59,56,84,72,76,69,85,57,79,48,58,67,66,64,71,73,62,72,67,49,61,39,82,45,42,64,75,36,88,50,60,59,77,61,63,49,82,50,76,88,80,73,73,35,40,88,34,59,77,187,42,1,40,NA
"116",217,"6/27/2014 14:28",1,"Scientists",NA,1,NA,1,48,19,19,71,86,56,66,89,91,90,26,70,76,84,90,37,85,96,92,94,17,56,79,72,33,56,68,61,51,89,84,54,56,88,69,53,62,81,88,96,13,27,58,85,85,80,73,97,72,89,96,91,61,43,36,57,58,82,48,80,187,40,1,41,NA
"117",219,"6/27/2014 14:43",1,"Scientists",NA,1,NA,1,2,0,91,50,0,0,29,71,60,70,70,39,50,91,60,0,0,70,70,100,30,19,81,40,5,1,9,50,70,91,70,39,60,81,73,9,60,85,60,100,29,19,71,50,60,54,18,80,49,40,96,100,92,100,29,19,100,71,80,92,187,59,1,41,NA
"118",220,"6/27/2014 14:47",1,"Scientists",NA,1,NA,1,40,40,61,78,20,20,20,71,70,82,71,38,50,81,50,49,59,70,81,91,49,30,50,85,20,20,21,29,70,82,49,50,49,90,49,50,49,50,42,90,51,30,70,81,60,61,30,51,31,80,82,89,74,92,52,62,50,41,42,79,187,33,1,38,NA
"119",221,"6/27/2014 15:00",1,"Scientists",NA,1,NA,1,81,50,60,70,60,50,61,80,60,81,71,50,50,59,70,50,49,80,70,70,60,40,71,60,51,40,50,71,71,80,71,40,40,60,60,40,60,70,61,71,50,41,60,60,81,50,49,69,60,81,91,92,85,90,50,70,81,82,71,81,187,45,2,38,NA
"120",222,"6/27/2014 15:01",1,"Scientists",NA,1,NA,1,71,51,71,60,71,71,50,81,60,71,71,50,71,71,71,71,70,91,60,81,71,30,80,60,60,50,50,71,60,60,50,50,71,71,60,50,71,71,71,80,60,40,81,70,80,80,60,71,71,71,80,91,81,91,50,81,70,60,71,95,187,60,2,38,NA
"121",223,"6/27/2014 15:08",1,"Scientists",NA,1,NA,1,30,6,36,55,61,31,37,57,60,60,52,23,55,70,59,45,63,51,51,66,62,24,64,86,87,57,60,30,61,81,73,27,82,85,54,87,40,38,51,77,57,28,48,86,94,75,48,80,72,86,75,75,91,96,16,96,89,46,81,89,187,38,2,43,NA
"122",224,"6/27/2014 15:20",1,"Scientists",NA,1,NA,1,38,9,30,71,91,39,59,52,38,91,63,4,48,68,91,68,70,61,69,91,31,9,61,49,50,9,60,52,50,80,69,45,50,73,80,62,63,70,64,100,27,9,38,70,70,74,9,34,47,80,87,100,91,60,45,91,45,45,57,76,187,37,1,41,NA
"123",226,"6/27/2014 15:26",1,"Scientists",NA,1,NA,1,49,2,3,49,92,29,40,70,50,29,59,18,28,82,71,19,49,50,49,19,50,19,60,82,61,18,19,49,50,20,49,60,50,80,59,48,49,70,50,50,10,10,5,71,71,19,50,49,50,28,80,92,90,49,50,92,50,61,48,90,187,37,1,39,NA
"124",227,"6/27/2014 15:39",1,"Scientists",NA,1,NA,1,49,39,29,100,100,91,70,100,100,100,30,8,29,100,49,100,29,100,100,100,60,9,59,81,9,9,10,100,100,80,49,29,29,100,29,29,29,100,49,100,31,9,9,100,50,91,9,100,100,90,100,80,70,100,49,70,71,100,49,100,187,57,2,39,NA
"125",228,"6/27/2014 15:45",1,"Scientists",NA,1,NA,1,0,0,20,92,92,81,39,69,29,70,39,9,31,100,92,91,92,81,40,59,10,10,51,19,10,10,8,19,9,70,18,0,29,82,40,29,29,71,41,83,9,0,19,91,92,30,40,82,29,70,50,100,30,90,50,81,40,50,49,90,187,32,1,39,NA
"126",229,"6/27/2014 15:46",1,"Scientists",NA,1,NA,1,39,10,54,75,9,70,9,60,70,55,10,3,60,81,49,60,40,9,81,81,9,9,55,60,9,49,40,49,70,60,76,80,81,76,60,65,60,81,70,70,39,19,70,50,70,81,19,50,50,71,70,85,50,70,9,54,80,39,70,75,187,47,1,40,NA
"127",230,"6/27/2014 15:48",1,"Scientists",NA,1,NA,1,76,62,87,82,84,89,84,93,93,94,95,95,95,96,95,96,96,96,96,94,93,95,93,5,6,6,94,6,92,93,63,92,62,65,33,64,62,63,91,91,51,40,78,100,83,45,76,100,55,91,82,95,12,14,13,100,21,12,14,22,187,56,1,42,NA
"128",233,"6/27/2014 16:04",1,"Scientists",NA,1,NA,1,50,28,50,91,52,80,52,87,95,99,52,48,49,70,49,89,52,92,75,92,20,29,51,60,45,65,33,95,67,97,34,58,41,92,34,42,51,76,85,97,40,29,49,91,52,92,50,91,90,92,90,83,50,30,52,90,50,70,51,29,187,36,1,43,NA
"129",234,"6/27/2014 16:35",1,"Scientists",NA,1,NA,1,20,10,20,60,80,40,20,50,50,60,30,30,20,70,70,30,30,50,50,70,10,10,20,50,50,20,10,50,70,60,50,40,40,60,60,40,30,50,40,70,20,20,20,40,40,30,10,50,50,80,90,90,39,60,60,80,90,10,10,80,187,44,1,43,NA
"130",236,"6/27/2014 16:59",1,"Scientists",NA,1,NA,1,40,98,99,80,39,70,39,100,100,100,91,48,90,100,100,9,50,99,91,100,80,100,100,100,39,19,39,100,80,100,49,49,81,99,29,20,20,99,88,99,100,100,100,100,100,100,100,100,49,100,19,100,3,2,4,2,2,4,49,9,187,31,2,41,NA
"131",240,"6/27/2014 17:30",1,"Scientists",NA,1,NA,1,80,10,70,70,90,60,80,90,80,80,90,20,70,80,90,70,80,95,80,80,90,30,90,70,70,50,70,90,90,80,70,50,60,80,70,50,60,90,80,90,90,50,90,80,90,70,80,90,70,90,70,100,90,70,60,100,70,60,80,70,187,36,1,40,NA
"132",241,"6/27/2014 17:31",1,"Scientists",NA,1,NA,1,40,19,50,71,71,50,70,71,71,81,30,31,30,50,51,30,60,61,29,70,50,40,60,61,40,30,30,60,40,81,40,40,41,71,51,50,40,50,39,71,41,30,40,71,71,61,60,71,50,71,70,60,39,40,20,29,29,19,30,60,187,25,1,42,NA
"133",243,"6/27/2014 18:30",1,"Scientists",NA,1,NA,1,59,14,81,50,95,50,34,82,60,75,81,66,80,81,90,85,80,84,73,85,25,14,14,21,18,19,72,69,61,76,65,28,50,50,90,47,51,59,49,95,50,20,71,75,81,71,50,75,61,71,76,95,98,50,20,51,67,20,50,74,187,25,2,38,NA
"134",245,"6/27/2014 19:08",1,"Scientists",NA,1,NA,1,50,30,70,50,29,29,20,92,70,81,50,9,71,70,71,29,29,91,70,70,60,19,80,50,50,19,19,80,71,70,50,19,50,81,61,29,20,91,60,91,40,29,70,81,70,40,30,91,81,81,91,91,50,71,19,51,81,9,20,91,187,32,2,39,NA
"135",246,"6/27/2014 19:27",1,"Scientists",NA,1,NA,1,99,28,30,47,5,48,96,11,76,72,49,45,38,41,43,32,55,36,61,75,82,100,97,48,53,41,42,45,64,52,71,95,49,50,50,34,61,49,50,75,11,4,40,81,50,49,20,65,50,91,59,99,81,71,35,24,46,64,37,82,187,45,1,41,NA
"136",247,"6/27/2014 20:38",1,"Scientists",NA,1,NA,1,80,49,100,100,100,100,80,100,100,100,100,61,100,100,100,81,61,100,100,100,82,71,100,100,100,100,61,100,81,100,100,81,100,100,100,82,81,100,100,100,71,61,100,100,100,90,71,100,61,100,100,71,61,50,50,100,49,50,100,81,187,30,1,38,NA
"137",248,"6/27/2014 20:53",1,"Scientists",NA,1,NA,1,71,30,51,70,49,50,70,80,40,70,80,40,51,70,51,49,50,80,50,80,60,40,81,71,40,50,40,81,60,70,79,49,50,81,49,50,40,80,60,81,60,29,70,80,70,70,40,90,60,81,60,81,30,59,49,70,50,48,50,71,187,31,1,43,NA
"138",251,"6/27/2014 22:16",1,"Scientists",NA,1,NA,1,30,3,10,50,70,70,60,80,40,85,65,5,15,65,75,65,60,80,65,90,40,3,10,15,40,60,40,55,60,70,80,5,25,85,65,60,70,65,60,100,15,5,35,80,60,60,1,85,50,90,85,85,80,85,50,80,90,50,75,85,187,67,1,43,NA
"139",253,"6/27/2014 22:40",1,"Scientists",NA,1,NA,1,50,50,50,50,50,50,50,50,50,50,49,26,59,49,49,47,49,49,49,61,46,13,64,40,51,6,34,65,50,80,51,46,68,57,52,44,51,51,44,63,41,31,57,50,49,49,49,45,49,49,68,90,91,77,54,56,84,71,57,69,187,36,1,38,NA
"140",254,"6/28/2014 0:33",1,"Scientists",NA,1,NA,1,50,4,82,61,19,4,20,81,30,81,20,9,70,70,69,9,40,50,69,81,20,19,82,39,8,6,20,49,81,81,19,3,39,49,40,5,40,49,50,80,1,1,29,40,49,9,29,49,49,81,60,70,39,20,19,70,20,19,20,60,187,35,1,38,NA
"141",266,"6/29/2014 18:27",1,"Scientists",NA,1,NA,1,20,20,50,80,50,20,20,80,19,60,50,40,40,80,80,70,50,90,60,80,50,60,70,50,20,9,50,30,30,80,50,30,50,80,30,20,50,50,50,80,20,20,30,70,20,80,20,80,50,70,50,50,30,50,30,20,50,30,20,50,187,50,2,42,NA
"142",268,"6/29/2014 20:51",1,"Scientists",NA,1,NA,1,100,100,100,100,91,81,81,100,100,100,90,91,91,100,91,90,91,100,100,100,100,100,100,100,90,90,80,100,100,100,80,80,60,90,60,70,60,100,70,100,100,100,100,100,100,100,100,100,100,100,80,80,60,30,20,50,50,10,50,50,187,56,1,38,NA
"143",269,"6/30/2014 0:15",1,"Scientists",NA,1,NA,1,0,0,1,51,100,0,0,50,100,100,0,0,0,30,9,50,0,9,81,100,0,0,0,50,100,50,0,0,100,100,0,0,0,29,30,30,0,0,30,100,0,0,0,50,50,100,0,9,19,50,49,100,49,0,0,1,100,0,0,90,187,42,1,39,NA
"144",273,"6/30/2014 13:40",1,"Scientists",NA,1,NA,1,51,30,30,50,51,50,50,81,51,71,50,29,51,50,50,50,50,81,60,81,50,30,30,30,50,51,50,51,51,51,30,30,30,71,19,30,30,40,50,71,19,20,51,71,71,71,40,71,60,71,60,91,71,50,40,50,51,50,40,51,187,43,1,43,NA
"145",274,"6/30/2014 14:00",1,"Scientists",NA,1,NA,1,21,25,54,85,73,72,66,74,70,77,68,62,71,76,79,72,38,74,67,91,48,45,72,32,58,52,43,50,45,54,59,70,72,75,72,73,60,72,71,100,52,46,65,78,74,83,59,78,77,78,100,96,67,71,34,95,88,67,70,49,187,48,1,39,NA
"146",275,"6/30/2014 15:47",1,"Scientists",NA,1,NA,1,9,10,81,81,81,9,30,91,91,91,30,9,81,80,81,9,50,61,91,91,19,50,70,70,9,10,10,9,81,91,60,9,81,91,71,9,39,60,81,91,20,9,80,90,60,81,19,61,60,91,81,81,71,20,19,8,50,19,50,71,187,28,1,42,NA
"147",280,"6/30/2014 23:54",1,"Scientists",NA,1,NA,1,61,19,71,81,70,61,39,90,50,71,81,40,60,81,81,80,50,81,59,80,81,29,81,50,20,20,50,49,49,49,91,38,90,30,51,60,50,81,50,92,60,30,71,81,80,81,61,81,59,80,91,91,59,49,33,29,91,19,40,70,187,29,1,38,NA
"148",282,"7/2/2014 1:04",1,"Scientists",NA,1,NA,1,44,22,39,48,76,48,64,61,47,79,37,23,20,43,73,34,40,49,31,67,26,23,40,46,15,16,27,31,34,69,48,32,28,49,39,18,42,49,26,52,49,23,56,67,74,62,39,64,54,62,43,92,52,72,23,30,83,38,36,59,187,50,1,43,NA
"149",299,"7/4/2014 15:22",1,"Scientists",NA,1,NA,1,10,19,20,76,19,18,19,80,19,81,19,21,30,70,29,45,30,78,81,73,19,39,45,41,41,49,53,50,61,83,74,18,62,62,50,72,62,81,82,80,49,32,46,75,48,49,48,65,76,77,29,26,39,68,30,49,40,45,68,66,187,66,1,39,NA
"150",300,"7/4/2014 15:23",1,"Scientists",NA,1,NA,1,17,16,14,36,20,19,18,61,57,57,55,43,40,53,49,45,58,43,58,55,56,62,62,70,52,14,60,52,36,58,57,23,33,51,45,28,54,70,17,64,36,23,23,76,50,31,45,60,27,32,97,97,66,0,80,67,75,86,56,100,187,61,2,40,NA
"151",301,"7/4/2014 15:23",1,"Scientists",NA,1,NA,1,50,49,100,80,80,87,71,100,60,100,49,49,60,91,89,99,80,96,81,80,77,100,67,88,11,30,49,67,100,100,50,50,29,100,81,81,49,100,81,100,49,91,100,100,50,100,91,100,100,100,91,80,91,50,0,50,91,0,20,80,187,55,1,42,NA
"152",302,"7/4/2014 15:25",1,"Scientists",NA,1,NA,1,20,20,60,80,70,50,60,80,80,50,70,20,60,90,50,40,50,70,90,70,39,29,50,100,39,9,50,60,76,49,90,39,70,100,50,39,60,100,70,100,10,10,50,90,70,100,70,71,80,60,100,100,81,81,39,100,51,81,70,100,187,68,1,44,NA
"153",305,"7/4/2014 15:45",1,"Scientists",NA,1,NA,1,11,5,28,28,42,57,30,17,31,18,43,36,44,50,37,40,46,43,31,41,20,13,21,23,20,22,20,14,24,17,55,26,51,67,61,51,59,61,49,66,2,1,25,19,34,33,8,19,27,30,76,92,57,71,42,80,50,60,50,86,187,40,1,43,NA
"154",307,"7/4/2014 15:47",1,"Scientists",NA,1,NA,1,21,21,62,100,23,21,38,24,17,21,100,23,38,56,92,23,52,33,21,77,39,18,34,81,72,13,35,25,52,55,42,31,47,74,62,25,17,14,34,100,13,10,49,80,82,24,46,46,75,100,100,100,100,51,27,21,84,16,65,95,187,21,1,41,NA
"155",308,"7/4/2014 15:49",1,"Scientists",NA,1,NA,1,85,0,86,100,0,40,0,41,31,2,0,0,7,100,100,79,100,50,42,100,10,0,100,100,30,40,0,100,100,100,5,0,30,100,80,95,31,40,81,100,20,1,50,100,70,100,100,47,100,100,100,100,50,50,1,100,10,1,0,80,187,57,1,43,NA
"156",309,"7/4/2014 15:52",1,"Scientists",NA,1,NA,1,100,100,100,100,100,100,100,100,100,100,100,50,71,100,100,50,100,100,80,100,30,9,60,100,100,29,100,40,60,100,91,80,70,100,91,71,80,100,71,100,50,50,80,100,90,60,93,60,50,100,100,100,91,100,71,90,81,100,71,91,187,61,2,39,NA
"157",310,"7/4/2014 16:00",1,"Scientists",NA,1,NA,1,52,25,64,87,86,51,50,73,83,92,90,75,82,90,94,50,87,96,86,96,80,44,67,78,75,50,72,73,71,89,76,38,54,79,68,33,64,86,54,96,70,40,71,94,91,71,70,90,86,95,96,94,62,70,63,74,71,71,52,84,187,23,1,38,NA
"158",312,"7/4/2014 16:17",1,"Scientists",NA,1,NA,1,34,12,80,63,87,70,86,100,92,97,100,9,100,100,53,23,23,100,100,100,53,51,83,88,12,31,9,83,60,100,66,39,71,86,54,32,50,68,50,100,14,16,100,100,100,78,22,100,66,100,87,100,77,48,16,65,60,33,23,71,187,50,1,38,NA
"159",313,"7/4/2014 16:23",1,"Scientists",NA,1,NA,1,10,0,79,92,69,90,10,73,84,88,74,9,77,78,70,71,10,82,80,89,30,30,82,60,11,7,100,22,70,81,40,53,71,69,35,60,71,77,53,80,15,0,68,75,54,65,0,58,75,76,58,82,59,80,21,63,78,84,64,83,187,50,1,38,NA
"160",315,"7/4/2014 16:29",1,"Scientists",NA,1,NA,1,14,6,44,74,7,2,7,49,74,91,78,50,34,89,87,52,81,82,70,92,30,15,56,42,14,5,7,38,85,85,80,32,51,96,73,2,36,84,68,96,21,1,51,83,83,84,12,86,75,81,98,98,94,68,38,98,91,89,54,59,187,40,1,38,NA
"161",316,"7/4/2014 16:31",1,"Scientists",NA,1,NA,1,68,22,39,71,69,39,69,30,69,80,81,41,51,69,74,51,73,70,61,90,51,29,49,50,69,49,50,30,60,51,72,33,50,90,60,20,64,79,34,91,51,19,60,80,79,59,81,71,67,81,73,80,50,74,51,71,76,74,40,74,187,NA,1,39,NA
"162",319,"7/4/2014 16:43",1,"Scientists",NA,1,NA,2,86,59,71,89,89,82,72,91,90,97,71,55,61,97,70,61,71,61,86,97,62,48,77,86,81,64,82,65,79,92,68,75,88,85,66,60,64,89,64,95,54,73,78,86,71,70,51,83,51,90,86,92,82,61,61,88,84,62,81,94,187,10,1,38,NA
"163",321,"7/4/2014 16:53",1,"Scientists",NA,1,NA,1,19,20,19,40,49,50,60,49,19,29,49,19,40,50,50,50,20,50,20,29,50,29,39,9,50,9,50,19,50,9,80,81,80,60,81,80,50,80,81,80,9,19,29,50,29,50,19,50,19,19,49,80,80,51,29,50,79,29,50,80,187,22,1,43,NA
"164",322,"7/4/2014 17:01",1,"Scientists",NA,1,NA,1,80,40,70,91,82,72,71,81,80,95,79,46,51,90,81,76,50,90,69,98,61,45,82,80,75,85,80,80,81,92,65,57,60,70,62,80,64,90,53,89,50,29,24,85,80,81,20,85,69,86,87,98,70,53,40,88,78,40,49,86,187,23,1,40,NA
"165",323,"7/4/2014 17:06",1,"Scientists",NA,1,NA,1,8,0,8,100,51,52,9,100,8,100,100,100,100,52,82,0,100,0,71,49,100,0,10,100,0,0,77,100,73,58,17,0,3,83,0,2,14,77,79,98,51,9,98,72,53,11,11,100,92,100,100,100,85,0,0,0,0,50,54,85,187,48,2,44,NA
"166",326,"7/4/2014 17:14",1,"Scientists",NA,1,NA,1,47,16,67,93,94,80,83,91,94,98,50,31,25,85,72,39,82,82,92,99,51,18,54,91,52,16,87,24,72,97,62,41,28,94,62,20,43,81,76,98,49,3,49,76,87,77,54,92,89,93,82,86,63,83,35,27,88,50,35,95,187,50,1,41,NA
"167",327,"7/4/2014 17:22",1,"Scientists",NA,1,NA,1,29,51,21,52,80,10,70,51,80,70,84,29,60,81,80,15,72,91,70,18,23,73,86,54,35,24,24,34,49,56,68,89,56,68,75,57,66,72,61,75,68,29,48,71,87,51,71,92,59,59,63,70,58,8,18,7,9,9,30,42,187,48,1,42,NA
"168",328,"7/4/2014 17:30",1,"Scientists",NA,1,NA,1,28,31,49,86,61,49,76,75,81,86,60,34,69,76,47,37,65,71,89,87,47,30,69,72,48,35,78,54,69,87,52,52,50,52,52,50,50,52,52,52,15,17,22,50,57,80,22,56,18,61,75,89,77,97,43,39,89,42,52,69,187,57,1,41,NA
"169",331,"7/4/2014 18:07",1,"Scientists",NA,1,NA,1,91,3,50,81,90,81,73,91,85,86,80,9,51,82,91,86,70,85,81,91,51,20,51,70,25,30,50,66,51,71,76,1,50,86,60,80,50,81,60,90,25,5,29,91,81,80,70,91,50,91,61,100,95,50,15,76,71,10,30,91,187,37,1,39,NA
"170",333,"7/4/2014 18:50",1,"Scientists",NA,1,NA,1,49,21,91,60,28,44,21,52,50,85,87,48,84,90,65,67,65,86,67,89,59,18,82,58,28,19,48,69,47,80,81,32,73,84,55,55,67,83,55,89,62,20,82,88,87,88,53,86,73,85,78,75,67,81,43,79,76,83,39,87,187,36,1,39,NA
"171",334,"7/4/2014 19:37",1,"Scientists",NA,1,NA,1,60,15,82,67,97,47,16,94,86,94,73,80,83,69,73,80,85,83,79,87,74,78,86,58,56,82,63,43,92,98,74,77,75,75,59,81,77,72,87,89,67,30,93,91,80,92,71,88,91,79,91,94,79,78,49,55,74,28,66,46,187,62,1,39,NA
"172",337,"7/4/2014 20:29",1,"Scientists",NA,1,NA,1,86,53,74,76,65,75,75,87,76,74,96,57,76,85,86,77,66,97,96,77,45,6,65,45,25,5,37,75,56,76,66,27,76,78,46,57,54,95,84,97,34,7,37,67,45,96,46,88,68,68,65,84,85,43,57,57,75,45,65,56,187,53,1,38,NA
"173",338,"7/4/2014 20:37",1,"Scientists",NA,1,NA,1,80,19,80,80,91,81,29,81,92,92,91,39,91,90,92,92,70,91,92,100,81,9,80,60,49,50,19,71,60,91,80,80,80,80,80,80,80,80,80,80,80,18,80,91,80,91,80,80,80,91,90,100,90,40,30,80,80,30,30,80,187,28,1,44,NA
"174",339,"7/4/2014 20:58",1,"Scientists",NA,1,NA,1,75,49,76,62,19,20,76,60,26,76,27,28,28,76,28,29,48,76,75,75,72,50,76,82,30,28,73,61,69,91,80,40,50,90,80,80,80,80,80,87,82,82,82,81,80,81,81,82,82,84,63,71,31,59,22,52,92,69,70,84,187,59,1,39,NA
"175",340,"7/4/2014 21:06",1,"Scientists",NA,1,NA,1,1,20,44,100,48,7,8,90,73,100,87,33,32,84,52,70,78,89,77,100,36,27,48,21,23,51,30,19,59,89,36,60,48,71,39,41,49,40,40,95,63,51,62,61,44,62,42,78,48,66,82,100,79,100,6,58,41,61,47,100,187,62,1,41,NA
"176",341,"7/4/2014 21:24",1,"Scientists",NA,1,NA,NA,77,52,54,85,77,80,78,93,92,94,90,83,75,88,78,76,78,89,94,96,84,90,75,82,53,58,53,77,92,89,94,94,77,94,71,75,73,83,95,94,92,87,79,92,83,89,79,95,87,93,88,94,70,89,61,56,54,60,77,100,187,61,1,43,NA
"177",342,"7/4/2014 21:29",1,"Scientists",NA,1,NA,1,71,50,81,91,50,50,50,91,91,90,71,51,50,80,50,50,71,91,100,100,50,50,50,50,10,50,9,70,100,100,91,50,49,50,51,51,50,91,80,91,9,10,9,91,91,49,9,90,50,50,80,81,50,50,20,20,51,50,50,100,187,51,2,38,NA
"178",343,"7/4/2014 21:30",1,"Scientists",NA,1,NA,1,15,12,18,56,49,50,22,66,49,72,48,6,28,48,76,48,16,70,49,62,49,2,22,49,50,48,19,49,49,48,32,28,20,51,50,50,17,51,39,65,28,3,13,51,50,81,10,69,60,60,51,99,77,58,16,89,46,17,41,77,187,47,1,42,NA
"179",344,"7/4/2014 22:00",1,"Scientists",NA,1,NA,1,10,9,49,80,80,10,40,70,50,81,40,28,51,81,60,30,61,60,50,81,19,20,59,49,49,20,40,81,40,91,49,50,59,70,60,20,51,70,50,90,49,50,60,71,71,70,49,60,49,61,40,95,60,50,29,51,59,50,60,81,187,27,1,39,NA
"180",345,"7/4/2014 23:58",1,"Scientists",NA,1,NA,1,50,21,43,91,95,39,97,98,72,97,99,49,63,99,97,55,93,98,95,99,73,33,57,88,58,33,71,98,100,100,94,33,45,97,64,37,70,99,83,100,56,26,30,92,92,47,63,91,77,91,89,97,85,47,37,57,64,36,38,48,187,29,1,42,NA
"181",346,"7/5/2014 1:00",1,"Scientists",NA,1,NA,1,32,33,35,41,21,21,23,19,32,87,47,62,57,8,6,3,22,54,10,1,44,38,34,33,24,30,42,37,39,27,4,6,1,3,5,7,4,5,5,75,58,32,32,32,36,56,30,31,30,31,60,61,16,55,60,10,56,58,8,14,187,56,1,41,NA
"182",347,"7/5/2014 2:55",1,"Scientists",NA,1,NA,6,0,0,16,NA,91,4,19,22,9,80,91,24,54,81,90,39,91,91,30,99,3,1,29,4,4,4,4,5,14,70,81,73,57,81,70,40,50,83,15,100,80,9,91,80,70,69,70,90,71,91,97,99,61,21,48,29,20,19,10,97,187,37,1,38,NA
"183",348,"7/5/2014 4:07",1,"Scientists",NA,1,NA,1,30,21,76,83,95,53,76,74,61,76,59,30,78,84,91,71,88,61,76,90,43,21,51,66,36,40,35,56,80,71,62,29,67,90,80,52,73,78,72,92,67,21,71,81,90,80,78,60,47,67,91,93,48,62,17,43,88,79,82,75,187,39,1,39,NA
"184",349,"7/5/2014 4:27",1,"Scientists",NA,1,NA,1,67,2,72,57,40,6,10,78,60,78,91,10,60,70,51,29,49,100,90,80,6,23,91,34,7,7,2,15,3,94,75,20,39,79,57,18,33,80,42,89,59,100,99,100,52,2,50,100,71,100,80,68,12,4,7,94,19,9,25,49,187,38,1,42,NA
"185",352,"7/5/2014 17:00",1,"Scientists",NA,1,NA,1,12,8,75,87,92,87,31,97,88,97,26,2,54,75,89,27,18,97,98,98,8,10,53,54,68,20,20,98,97,66,20,13,62,94,53,16,29,29,59,95,4,3,43,93,63,70,4,80,73,92,68,83,64,46,20,50,30,31,55,46,187,45,1,38,NA
"186",354,"7/6/2014 3:14",1,"Scientists",NA,1,NA,1,26,6,35,73,77,88,11,60,80,71,69,10,30,72,40,29,70,51,76,98,50,9,30,85,50,41,50,60,40,71,61,8,49,58,16,22,70,84,58,89,27,6,58,91,39,90,12,60,87,81,73,96,63,22,25,73,95,20,30,49,187,57,1,43,NA
"187",358,"7/6/2014 19:05",1,"Scientists",NA,1,NA,1,71,49,49,81,90,69,94,81,70,98,91,49,99,100,91,69,61,89,70,98,59,59,91,80,59,59,59,70,60,89,70,50,81,80,80,70,70,71,60,98,71,49,97,80,90,19,49,80,80,90,69,94,59,94,59,96,60,96,59,69,187,46,2,42,NA
"188",359,"7/6/2014 20:53",1,"Scientists",NA,1,NA,1,35,5,53,81,40,26,50,70,87,95,45,9,64,66,25,26,27,96,96,97,25,5,87,86,25,5,25,44,35,96,60,70,60,61,20,29,20,62,61,60,50,2,19,60,81,81,71,91,60,91,80,98,91,50,45,4,19,19,40,71,187,58,1,41,NA
"189",362,"7/6/2014 23:22",1,"Scientists",NA,1,NA,1,68,49,76,76,78,71,65,77,87,96,56,29,75,76,77,62,60,71,76,94,65,50,76,67,59,49,61,71,76,86,50,40,50,75,68,60,61,60,69,92,61,31,81,71,71,60,61,60,71,91,80,87,76,59,48,90,74,69,67,88,187,51,2,38,NA
"190",363,"7/7/2014 3:20",1,"Scientists",NA,1,NA,1,50,19,80,80,49,81,19,80,91,91,29,19,70,70,19,49,19,49,90,91,24,25,69,62,17,50,19,30,68,70,60,59,59,59,59,60,60,60,60,60,19,9,80,80,59,91,18,71,80,80,96,91,81,80,69,81,100,60,71,91,187,51,1,40,NA
"191",365,"7/7/2014 13:56",1,"Scientists",NA,1,NA,1,81,10,19,70,91,49,80,84,60,71,95,70,49,81,75,81,60,90,81,90,29,20,60,50,9,4,9,50,29,70,81,60,60,95,80,39,39,86,60,95,29,9,19,86,71,91,81,92,75,70,97,92,73,50,9,76,19,9,60,86,187,66,1,43,NA
"192",366,"7/7/2014 15:24",1,"Scientists",NA,1,NA,1,19,15,40,65,50,50,49,71,52,64,49,9,40,50,60,60,30,60,50,51,50,10,51,50,29,30,40,61,70,61,17,14,46,68,50,35,52,61,65,68,9,9,40,70,49,60,29,70,50,70,67,85,56,58,26,56,37,45,64,66,187,53,1,39,NA
"193",367,"7/7/2014 15:53",1,"Scientists",NA,1,NA,1,96,9,95,75,100,100,100,80,91,95,91,30,90,100,100,100,100,70,100,100,50,10,80,75,50,30,50,50,100,75,90,35,70,90,81,75,90,90,85,95,10,10,50,60,25,75,10,50,50,75,100,100,100,80,50,100,100,20,20,75,187,61,2,42,NA
"194",368,"7/7/2014 16:03",1,"Scientists",NA,1,NA,1,91,80,80,80,71,71,71,91,91,91,91,91,80,81,71,70,70,91,91,91,80,91,80,91,71,71,71,100,91,91,91,91,70,91,80,71,71,91,91,91,50,49,91,80,81,81,81,91,91,81,100,91,91,81,80,90,80,81,80,80,187,57,2,43,NA
"195",369,"7/7/2014 16:58",1,"Scientists",NA,1,NA,1,20,30,50,70,50,30,30,70,70,70,30,30,40,50,50,20,40,50,70,70,30,30,50,50,40,20,30,50,50,50,40,40,50,60,50,40,40,50,40,60,40,40,50,60,50,40,40,70,40,70,60,90,70,50,20,60,60,20,50,80,187,NA,2,40,NA
"196",370,"7/7/2014 19:10",1,"Scientists",NA,1,NA,1,20,10,49,71,59,29,19,70,40,70,50,9,71,69,40,29,39,70,69,70,49,9,71,60,9,29,9,49,10,60,68,18,59,81,29,9,30,50,49,70,9,0,61,70,40,29,39,60,38,70,80,100,90,9,19,19,59,9,20,79,187,38,1,38,NA
"197",373,"7/7/2014 20:20",1,"Scientists",NA,1,NA,1,60,11,49,70,89,60,80,59,92,92,81,13,21,87,81,81,79,81,79,95,21,12,91,59,9,8,39,8,60,91,40,23,12,72,16,22,51,51,58,96,23,21,23,91,69,81,21,20,81,91,85,91,60,19,13,21,88,11,47,80,187,62,1,38,NA
"198",374,"7/7/2014 23:21",1,"Scientists",NA,1,NA,1,13,9,76,84,4,9,19,91,88,90,23,12,19,93,50,13,50,91,93,95,80,63,58,61,5,9,6,9,81,91,71,49,25,83,9,12,50,52,80,91,9,1,29,94,1,91,3,59,71,81,28,99,6,79,3,7,84,7,17,91,187,63,1,39,NA
"199",376,"7/8/2014 17:50",1,"Scientists",NA,1,NA,1,50,20,70,60,50,20,50,40,40,30,70,20,80,90,80,50,60,80,50,80,50,30,70,60,40,20,40,50,40,60,70,40,70,70,60,50,60,70,50,80,60,20,80,90,70,90,50,80,60,80,80,90,80,70,40,80,40,50,50,90,187,39,1,39,NA
"200",377,"7/8/2014 18:12",1,"Scientists",NA,1,NA,1,29,19,61,50,29,30,50,49,50,81,40,9,50,50,50,50,50,50,61,70,30,19,60,40,50,30,39,66,66,80,50,9,29,50,39,39,39,40,70,71,19,4,39,40,70,70,60,60,71,70,80,100,50,39,10,71,9,9,49,70,187,51,2,38,NA
"201",378,"7/8/2014 21:18",1,"Scientists",NA,1,NA,1,30,30,70,91,89,84,74,87,59,73,37,30,49,92,92,93,60,93,71,84,40,29,81,60,19,9,60,60,60,91,70,40,56,85,53,25,60,71,76,92,49,39,71,92,86,94,80,96,91,92,83,92,91,40,10,83,35,19,81,81,187,39,1,38,NA
"202",379,"7/9/2014 0:27",1,"Scientists",NA,1,NA,1,50,19,49,80,50,50,9,50,50,91,10,9,80,61,9,49,9,38,60,92,9,10,81,51,11,50,9,9,50,91,40,9,70,71,9,29,9,39,50,91,19,9,80,69,19,50,9,28,49,91,91,91,50,100,10,50,91,29,49,29,187,42,1,38,NA
"203",382,"7/10/2014 20:04",1,"Scientists",NA,1,NA,1,39,20,59,60,50,70,50,47,59,61,40,10,19,80,40,60,29,69,39,80,29,10,30,61,30,39,29,50,29,61,33,8,20,91,25,40,40,47,60,91,4,1,16,78,63,84,33,71,59,73,92,98,87,76,35,15,67,35,35,77,187,65,1,42,NA
"204",383,"7/11/2014 0:41",1,"Scientists",NA,1,NA,NA,23,1,19,60,61,47,45,80,60,60,60,4,19,60,60,60,60,90,50,5,50,50,50,40,50,50,50,50,70,70,50,33,57,50,52,50,50,58,58,58,30,1,14,40,40,50,10,50,20,40,3,5,69,71,5,80,2,65,95,70,187,64,2,38,NA
"205",403,"7/28/2014 17:38",1,"Scientists",NA,1,NA,1,2,1,2,39,71,54,60,2,45,66,4,2,4,21,58,36,57,5,6,45,35,1,36,5,2,13,3,4,35,92,31,2,32,47,44,29,35,39,19,94,1,1,8,40,47,62,3,3,1,63,96,94,63,86,3,88,5,76,50,45,187,51,1,42,NA
"206",405,"8/4/2014 21:44",1,"Scientists",NA,1,NA,1,81,50,50,91,60,60,50,91,81,91,60,50,50,91,50,60,60,91,92,91,60,60,50,80,60,50,70,80,70,80,70,70,70,70,70,70,70,70,70,70,80,80,80,80,80,80,80,80,80,80,100,91,70,100,50,60,70,100,70,100,187,62,2,39,NA
